INSERT INTO `user_info`(`id`, `created_by`, `created_date`, `flag`, `modified_by`, `modified_date`, `address`, `avatar`, `birthday`, `blog`, `email`, `gender`, `id_number`, `integral`, `login_name`, `nickname`, `password`, `phone_num`, `remark`, `state`, `tag`, `user_index`, `user_name`, `avatar_content`) VALUES ('6613831cac9e4597abbd0138116a8f3c', NULL, NULL, 1, NULL, '2018-04-26 13:18:59', '', '', '2012-06-15 14:45', '', 'admin@mail.com', '', '', NULL, 'admin', '', '$2a$10$aZDOWYEvK06TrxN6g0Mta.X3gtnj1sHPReRic5YRcOiXl4yMctwS6', '', '', '1', '', 1, '管理员', NULL);
INSERT INTO `user_info`(`id`, `created_by`, `created_date`, `flag`, `modified_by`, `modified_date`, `address`, `avatar`, `birthday`, `blog`, `email`, `gender`, `id_number`, `integral`, `login_name`, `nickname`, `password`, `phone_num`, `remark`, `state`, `tag`, `user_index`, `user_name`, `avatar_content`) VALUES ('7713831cac9e4597abbd0138116a8f3c', NULL, NULL, 1, NULL, '2018-04-26 13:18:59', '', '', '2012-06-15 14:45', '', 'user@mail.com', '', '', NULL, 'user', '', '$2a$10$aZDOWYEvK06TrxN6g0Mta.X3gtnj1sHPReRic5YRcOiXl4yMctwS6', '', '', '1', '', 1, '管理员', NULL);

INSERT INTO `menu`(`id`, `created_by`, `created_date`, `flag`, `modified_by`, `modified_date`, `controller_class`, `icon_path`, `mark`, `menu_desc`, `menu_index`, `menu_name`, `menu_url`, `remark`, `small_icon_path`, `parent_id`) VALUES ('3a6de32d5a3c4381b8808afe836c22e9', NULL, '2018-03-02 16:12:28', 1, NULL, NULL, NULL, NULL, 'role', NULL, 1, '角色管理', 'sys/role-list', NULL, NULL, '8f13fa7aa1dd40e181568e870a6a2d03');
INSERT INTO `menu`(`id`, `created_by`, `created_date`, `flag`, `modified_by`, `modified_date`, `controller_class`, `icon_path`, `mark`, `menu_desc`, `menu_index`, `menu_name`, `menu_url`, `remark`, `small_icon_path`, `parent_id`) VALUES ('3a7fd63c81304f5c82a7681fd892fdd6', NULL, '2018-03-02 16:12:29', 0, NULL, NULL, NULL, NULL, 'log', NULL, 5, '日志管理', NULL, NULL, NULL, '67c1bf1eff3444b098dd190865beaf44');
INSERT INTO `menu`(`id`, `created_by`, `created_date`, `flag`, `modified_by`, `modified_date`, `controller_class`, `icon_path`, `mark`, `menu_desc`, `menu_index`, `menu_name`, `menu_url`, `remark`, `small_icon_path`, `parent_id`) VALUES ('67c1bf1eff3444b098dd190865beaf44', NULL, NULL, 1, NULL, '2018-05-09 15:35:43', NULL, NULL, 'sys', '', 1, '系统菜单', '/admin', '', NULL, NULL);
INSERT INTO `menu`(`id`, `created_by`, `created_date`, `flag`, `modified_by`, `modified_date`, `controller_class`, `icon_path`, `mark`, `menu_desc`, `menu_index`, `menu_name`, `menu_url`, `remark`, `small_icon_path`, `parent_id`) VALUES ('73941109dd22490085de183472de9d49', NULL, NULL, 1, NULL, '2018-08-10 09:54:40', NULL, NULL, '', '', 1, '应用管理', 'oauth2/appManager', '', NULL, '760fc5e46e734250b0fcd1886c4cc02a');
INSERT INTO `menu`(`id`, `created_by`, `created_date`, `flag`, `modified_by`, `modified_date`, `controller_class`, `icon_path`, `mark`, `menu_desc`, `menu_index`, `menu_name`, `menu_url`, `remark`, `small_icon_path`, `parent_id`) VALUES ('760fc5e46e734250b0fcd1886c4cc02a', NULL, '2018-03-02 16:12:28', 1, NULL, NULL, NULL, NULL, 'resource', 'fa fa-laptop', 4, '资源管理', NULL, NULL, NULL, '67c1bf1eff3444b098dd190865beaf44');
INSERT INTO `menu`(`id`, `created_by`, `created_date`, `flag`, `modified_by`, `modified_date`, `controller_class`, `icon_path`, `mark`, `menu_desc`, `menu_index`, `menu_name`, `menu_url`, `remark`, `small_icon_path`, `parent_id`) VALUES ('8f13fa7aa1dd40e181568e870a6a2d03', NULL, '2018-03-02 16:12:28', 1, NULL, NULL, NULL, NULL, 'authority', 'fa fa-lock', 3, '权限', NULL, NULL, NULL, '67c1bf1eff3444b098dd190865beaf44');
INSERT INTO `menu`(`id`, `created_by`, `created_date`, `flag`, `modified_by`, `modified_date`, `controller_class`, `icon_path`, `mark`, `menu_desc`, `menu_index`, `menu_name`, `menu_url`, `remark`, `small_icon_path`, `parent_id`) VALUES ('968e1dd124c94922bdce2294ecd07fdb', NULL, '2018-03-02 16:12:26', 1, NULL, NULL, NULL, NULL, 'user', 'fa fa-user', 1, '用户管理', NULL, NULL, NULL, '67c1bf1eff3444b098dd190865beaf44');
INSERT INTO `menu`(`id`, `created_by`, `created_date`, `flag`, `modified_by`, `modified_date`, `controller_class`, `icon_path`, `mark`, `menu_desc`, `menu_index`, `menu_name`, `menu_url`, `remark`, `small_icon_path`, `parent_id`) VALUES ('b09b48cbfd254d0aae5250268e1b73e0', NULL, '2018-03-02 16:12:26', 1, NULL, NULL, NULL, NULL, 'diableuser', NULL, 2, '已注销人员', 'sys/disable-user-list', NULL, NULL, '968e1dd124c94922bdce2294ecd07fdb');
INSERT INTO `menu`(`id`, `created_by`, `created_date`, `flag`, `modified_by`, `modified_date`, `controller_class`, `icon_path`, `mark`, `menu_desc`, `menu_index`, `menu_name`, `menu_url`, `remark`, `small_icon_path`, `parent_id`) VALUES ('ba6255a161ef438ba36d1a675ef4480e', NULL, '2018-05-24 17:09:23', 0, NULL, '2018-05-24 17:09:23', NULL, NULL, '', '', 1, '日志列表', 'webLogsList', '', NULL, '3a7fd63c81304f5c82a7681fd892fdd6');
INSERT INTO `menu`(`id`, `created_by`, `created_date`, `flag`, `modified_by`, `modified_date`, `controller_class`, `icon_path`, `mark`, `menu_desc`, `menu_index`, `menu_name`, `menu_url`, `remark`, `small_icon_path`, `parent_id`) VALUES ('c91b363634b34d15819f67b319acd6c0', NULL, NULL, 1, NULL, '2018-09-12 16:25:49', NULL, NULL, 'role', '', 2, '应用权限管理', 'sys/role-client', '', NULL, '8f13fa7aa1dd40e181568e870a6a2d03');
INSERT INTO `menu`(`id`, `created_by`, `created_date`, `flag`, `modified_by`, `modified_date`, `controller_class`, `icon_path`, `mark`, `menu_desc`, `menu_index`, `menu_name`, `menu_url`, `remark`, `small_icon_path`, `parent_id`) VALUES ('e26b8a7a87f64133ba15114d05f40ade', NULL, NULL, 1, NULL, '2018-05-09 15:36:54', NULL, NULL, 'enableuser', '', 1, '所有人员', 'sys/user-list', '', NULL, '968e1dd124c94922bdce2294ecd07fdb');
INSERT INTO `menu`(`id`, `created_by`, `created_date`, `flag`, `modified_by`, `modified_date`, `controller_class`, `icon_path`, `mark`, `menu_desc`, `menu_index`, `menu_name`, `menu_url`, `remark`, `small_icon_path`, `parent_id`) VALUES ('f12d9eae0fec46e4816b6baf00ee6ef1', NULL, NULL, 1, NULL, '2019-03-12 10:22:33', NULL, NULL, 'menu', '', 1, '菜单管理', 'sys/menu-list', '', NULL, '760fc5e46e734250b0fcd1886c4cc02a');

INSERT INTO `role`(`id`, `created_by`, `created_date`, `flag`, `modified_by`, `modified_date`, `remark`, `role_description`, `role_index`, `role_name` ) VALUES ('5b66ecf45d634159a08468898b1b3217', NULL, '2018-03-02 16:12:07', 1, NULL, NULL, NULL, NULL, NULL, 'ROLE_ADMIN');
INSERT INTO `role`(`id`, `created_by`, `created_date`, `flag`, `modified_by`, `modified_date`, `remark`, `role_description`, `role_index`, `role_name`) VALUES ('cc377e1b32e74e71953ddcd595d5498b', NULL, '2018-03-02 16:12:07', 1, NULL, NULL, NULL, NULL, NULL, 'ROLE_USER');


INSERT INTO `role_menu`(`menu_id`, `role_id`) VALUES ('3a6de32d5a3c4381b8808afe836c22e9', '5b66ecf45d634159a08468898b1b3217');
INSERT INTO `role_menu`(`menu_id`, `role_id`) VALUES ('67c1bf1eff3444b098dd190865beaf44', '5b66ecf45d634159a08468898b1b3217');
INSERT INTO `role_menu`(`menu_id`, `role_id`) VALUES ('73941109dd22490085de183472de9d49', '5b66ecf45d634159a08468898b1b3217');
INSERT INTO `role_menu`(`menu_id`, `role_id`) VALUES ('760fc5e46e734250b0fcd1886c4cc02a', '5b66ecf45d634159a08468898b1b3217');
INSERT INTO `role_menu`(`menu_id`, `role_id`) VALUES ('8f13fa7aa1dd40e181568e870a6a2d03', '5b66ecf45d634159a08468898b1b3217');
INSERT INTO `role_menu`(`menu_id`, `role_id`) VALUES ('968e1dd124c94922bdce2294ecd07fdb', '5b66ecf45d634159a08468898b1b3217');
INSERT INTO `role_menu`(`menu_id`, `role_id`) VALUES ('b09b48cbfd254d0aae5250268e1b73e0', '5b66ecf45d634159a08468898b1b3217');
INSERT INTO `role_menu`(`menu_id`, `role_id`) VALUES ('c91b363634b34d15819f67b319acd6c0', '5b66ecf45d634159a08468898b1b3217');
INSERT INTO `role_menu`(`menu_id`, `role_id`) VALUES ('e26b8a7a87f64133ba15114d05f40ade', '5b66ecf45d634159a08468898b1b3217');
INSERT INTO `role_menu`(`menu_id`, `role_id`) VALUES ('f12d9eae0fec46e4816b6baf00ee6ef1', '5b66ecf45d634159a08468898b1b3217');


INSERT INTO `role_user`(`role_id`, `user_id`) VALUES ('5b66ecf45d634159a08468898b1b3217', '6613831cac9e4597abbd0138116a8f3c');
INSERT INTO `role_user`(`role_id`, `user_id`) VALUES ('cc377e1b32e74e71953ddcd595d5498b', '7713831cac9e4597abbd0138116a8f3c');

INSERT INTO `oauth_client_details`(`client_id`, `resource_ids`, `client_secret`, `scope`, `authorized_grant_types`, `web_server_redirect_uri`, `authorities`, `access_token_validity`, `refresh_token_validity`, `additional_information`, `autoapprove`, `custom_name`, `id`, `created_by`, `created_date`, `flag`, `modified_by`, `modified_date`, `remark`) VALUES ('diamond', '', '$2a$10$naRXogfHh50C.Y5ndb4dmOvZUB/gExqoQFsuaWtJQ5yRRxFH5z2Jq', 'app1', 'authorization_code', 'http://192.168.70.42:8080/login,http://localhost:7779/login', '', 7200, 72000, '{"customSubName":"diamond","icon":"http://www.hoioy.com/upload/2021/05/dimaondLogo100-3f4d7864c22f44559f10885d12d855a5.png","customName":"Diamond"}', 'false', 'diamond', 'diamond', NULL, NULL, 1, NULL, NULL, NULL);
INSERT INTO `oauth_client_details`(`client_id`, `resource_ids`, `client_secret`, `scope`, `authorized_grant_types`, `web_server_redirect_uri`, `authorities`, `access_token_validity`, `refresh_token_validity`, `additional_information`, `autoapprove`, `custom_name`, `id`, `created_by`, `created_date`, `flag`, `modified_by`, `modified_date`, `remark`) VALUES ('diamondcloud', '', '$2a$10$naRXogfHh50C.Y5ndb4dmOvZUB/gExqoQFsuaWtJQ5yRRxFH5z2Jq', 'app1', 'authorization_code', 'http://192.168.70.42:8080/login,http://localhost:7779/login', '', 7200, 72000, '{"customSubName":"diamondcloud","icon":"http://www.hoioy.com/upload/2021/05/dimaondLogo100-3f4d7864c22f44559f10885d12d855a5.png","customName":"Diamond Cloud"}', 'false', 'diamondcloud', 'diamondcloud', NULL, NULL, 1, NULL, NULL, NULL);

INSERT INTO `role_client`(`client_id`, `id`, `role_name`) VALUES ('diamond', 'diamondROLE_ADMIN', 'ROLE_ADMIN');
INSERT INTO `role_client`(`client_id`, `id`, `role_name`) VALUES ('diamondcloud', 'diamondcloudROLE_ADMIN', 'ROLE_ADMIN');
