<?xml version="1.0" encoding="UTF-8"?>
<metadata>
  <groupId>cn.com.taiji</groupId>
  <artifactId>tdf-bom</artifactId>
  <versioning>
    <latest>2.3.9</latest>
    <release>2.3.9</release>
    <versions>
      <version>1.5.18</version>
      <version>1.5.19</version>
      <version>2.1.0</version>
      <version>2.1.1</version>
      <version>2.1.3</version>
      <version>2.1.4</version>
      <version>2.1.5</version>
      <version>2.1.6</version>
      <version>2.1.8</version>
      <version>2.1.9</version>
      <version>2.1.10</version>
      <version>2.1.11</version>
      <version>2.1.12</version>
      <version>2.1.13</version>
      <version>2.1.14</version>
      <version>2.2.1</version>
      <version>2.2.7</version>
      <version>2.2.8</version>
      <version>2.3.1</version>
      <version>2.3.4</version>
      <version>2.3.6</version>
      <version>2.3.9</version>
    </versions>
    <lastUpdated>20210408073922</lastUpdated>
  </versioning>
</metadata>
